id,first_name,last_name,email,gender,ip_address
101,Barnabe,Genney,bgenney0@imageshack.us,Male,63.111.9.11
102,Sheilakathryn,Rulton,srulton1@ibm.com,Genderqueer,116.122.231.140
103,Joyan,Noice,jnoice2@unc.edu,Female,187.186.172.159
104,Karlen,Minichi,kminichi3@about.me,Female,187.155.236.72
105,Wilone,Stickels,wstickels4@newsvine.com,Female,93.70.169.204
106,Jermain,Pleasance,jpleasance5@de.vu,Male,179.227.17.84
107,Sidnee,Bentick,sbentick6@examiner.com,Male,0.227.49.238
108,Prescott,Simone,psimone7@mac.com,Male,135.76.215.76
109,Taber,Meeron,tmeeron8@barnesandnoble.com,Male,169.63.109.188
110,Denni,Birkbeck,dbirkbeck9@biglobe.ne.jp,Female,55.226.121.157
111,Florian,Creaser,fcreasera@so-net.ne.jp,Male,246.190.210.63
112,Randy,Seamans,rseamansb@privacy.gov.au,Male,120.183.121.64
113,Aldus,Cantua,acantuac@unc.edu,Male,236.71.24.210
114,Tadio,Olivi,tolivid@wufoo.com,Male,5.233.89.47
115,Kitty,Ravenhills,kravenhillse@studiopress.com,Female,226.168.161.58
116,Leila,Yarrall,lyarrallf@bandcamp.com,Female,209.79.138.115
117,Fanechka,Cristobal,fcristobalg@theatlantic.com,Female,99.50.11.24
118,Theodora,Rosso,trossoh@gov.uk,Female,61.57.179.49
119,Frants,Twigger,ftwiggeri@cam.ac.uk,Male,242.214.243.130
120,Rycca,Keohane,rkeohanej@themeforest.net,Female,33.84.185.248
121,Jeth,Speeks,jspeeksk@japanpost.jp,Male,159.118.236.232
122,Riane,Goodburn,rgoodburnl@opera.com,Female,34.250.244.237
123,Dell,Brownhall,dbrownhallm@wikimedia.org,Male,38.41.0.16
124,Jeno,Melding,jmeldingn@shareasale.com,Male,147.250.104.135
125,Viki,Aldersey,valderseyo@parallels.com,Female,159.129.73.118
126,Julie,d' Eye,jdeyep@w3.org,Male,213.166.222.240
127,Urson,Twidle,utwidleq@omniture.com,Male,221.39.93.121
128,Lanny,Lemanu,llemanur@ustream.tv,Female,50.80.13.76
129,Giffer,Riseborough,griseboroughs@gov.uk,Male,66.187.236.208
130,Wain,Hartzenberg,whartzenbergt@google.it,Male,98.166.161.95
131,Ambur,Cassley,acassleyu@irs.gov,Female,239.64.211.126
132,Clem,Gowenlock,cgowenlockv@mayoclinic.com,Female,247.42.5.221
133,Pauletta,Slay,pslayw@stanford.edu,Female,16.94.134.194
134,Melina,Pryce,mprycex@usnews.com,Female,208.171.224.122
135,Gun,Leddy,gleddyy@webeden.co.uk,Male,208.224.90.185
136,Verina,Maggiore,vmaggiorez@mysql.com,Female,64.202.212.69
137,Torre,Gabbatt,tgabbatt10@aboutads.info,Non-binary,102.143.93.42
138,Floyd,Le Blond,fleblond11@craigslist.org,Male,4.17.24.224
139,Fabien,Herity,fherity12@hugedomains.com,Male,17.217.55.10
140,Silvio,Dutch,sdutch13@ning.com,Genderqueer,50.68.189.77
141,Darline,Hartridge,dhartridge14@wordpress.org,Female,205.51.175.131
142,Yardley,Cowx,ycowx15@over-blog.com,Male,175.244.240.29
143,Sansone,Jirusek,sjirusek16@tripod.com,Male,74.228.16.236
144,Chase,Coaten,ccoaten17@opensource.org,Male,208.137.192.241
145,Gustavo,Doreward,gdoreward18@vinaora.com,Male,43.52.108.178
146,Kissie,D'Aeth,kdaeth19@homestead.com,Female,166.56.176.223
147,Shayne,McPaik,smcpaik1a@google.co.uk,Male,185.35.183.228
148,Hercule,Kintish,hkintish1b@bbb.org,Male,25.249.65.101
149,Sonny,McMinn,smcminn1c@hc360.com,Male,54.151.165.174
150,Nicolina,Daysh,ndaysh1d@fema.gov,Female,155.253.192.174
151,Rozelle,Whacket,rwhacket1e@delicious.com,Female,244.236.33.101
152,Rochella,Paffett,rpaffett1f@skype.com,Female,203.163.129.139
153,Katha,Digance,kdigance1g@eepurl.com,Female,6.113.40.70
154,Halimeda,Tomisch,htomisch1h@1688.com,Female,56.113.140.236
155,Clive,Charlesworth,ccharlesworth1i@adobe.com,Male,102.69.111.18
156,Roddy,Kofax,rkofax1j@mapquest.com,Male,73.152.20.126
157,Morgan,Schwerin,mschwerin1k@dell.com,Genderqueer,146.145.91.172
158,Dimitri,Cartmail,dcartmail1l@hao123.com,Male,157.242.163.72
159,Sheila-kathryn,Southworth,ssouthworth1m@pbs.org,Female,121.200.139.92
160,Tatum,Pugh,tpugh1n@nydailynews.com,Female,34.231.131.107
161,Kiley,Boeck,kboeck1o@chronoengine.com,Female,243.245.40.245
162,Lemmie,Lambregts,llambregts1p@tripadvisor.com,Male,205.148.109.226
163,Jolee,Heckney,jheckney1q@ocn.ne.jp,Female,49.127.73.3
164,Rea,O'Brogane,robrogane1r@ning.com,Female,177.185.162.108
165,Denny,Tallis,dtallis1s@nationalgeographic.com,Male,118.20.144.115
166,Lamont,Gilson,lgilson1t@marriott.com,Male,5.56.11.24
167,Babbette,Mustoo,bmustoo1u@cbc.ca,Female,96.153.186.82
168,Kyrstin,Berrie,kberrie1v@canalblog.com,Female,245.69.250.42
169,Hort,Ridd,hridd1w@patch.com,Male,217.243.41.9
170,Miguela,Harvatt,mharvatt1x@tripadvisor.com,Female,232.218.248.158
171,Selig,Biesinger,sbiesinger1y@engadget.com,Male,114.198.17.198
172,Lonny,Stevings,lstevings1z@ameblo.jp,Male,154.132.247.63
173,Berty,Goodboddy,bgoodboddy20@soundcloud.com,Male,254.133.156.120
174,Perry,Legate,plegate21@pcworld.com,Female,122.255.106.190
175,Hakim,Galletly,hgalletly22@businessweek.com,Male,119.0.247.144
176,Agustin,Reede,areede23@weibo.com,Male,82.78.131.67
177,Kendall,MacNamara,kmacnamara24@g.co,Male,225.124.104.98
178,Nelle,Dunkerley,ndunkerley25@shareasale.com,Female,139.66.157.96
179,Roze,Itscowics,ritscowics26@amazon.co.uk,Polygender,230.52.61.175
180,Willie,Badam,wbadam27@timesonline.co.uk,Male,114.207.8.133
181,Lucretia,Lowthorpe,llowthorpe28@npr.org,Female,29.235.150.135
182,Waylon,Whates,wwhates29@slate.com,Male,109.185.129.44
183,Laurie,Emeny,lemeny2a@dedecms.com,Genderfluid,187.198.120.17
184,Junette,Balling,jballing2b@virginia.edu,Female,147.87.76.154
185,Lyn,Eliet,leliet2c@weibo.com,Female,193.195.56.103
186,Abigale,Cartwight,acartwight2d@wufoo.com,Female,229.35.7.130
187,Pincas,Bromfield,pbromfield2e@ebay.co.uk,Male,216.234.199.104
188,Derward,Haestier,dhaestier2f@slashdot.org,Male,66.42.151.14
189,Ophelia,Applewhaite,oapplewhaite2g@theguardian.com,Female,110.231.55.149
190,Sashenka,Yaakov,syaakov2h@msn.com,Female,47.109.18.13
191,Trisha,Cinnamond,tcinnamond2i@columbia.edu,Genderqueer,160.250.95.46
192,Stanly,Syres,ssyres2j@umn.edu,Male,114.172.156.127
193,Martina,Grzegorek,mgrzegorek2k@wikispaces.com,Female,144.18.161.32
194,Stuart,Merfin,smerfin2l@weebly.com,Male,129.141.41.200
195,Baird,Mayhew,bmayhew2m@mashable.com,Male,158.90.79.21
196,Timoteo,Gentile,tgentile2n@squarespace.com,Bigender,254.128.87.28
197,Allianora,Steinson,asteinson2o@furl.net,Female,212.78.158.85
198,Roi,Hatherleigh,rhatherleigh2p@examiner.com,Polygender,85.105.132.243
199,Franklyn,Gleeton,fgleeton2q@tmall.com,Male,13.207.150.76
200,Irvine,Duplan,iduplan2r@businesswire.com,Male,122.200.32.176
201,Hadleigh,Bean,hbean2s@behance.net,Male,103.104.171.241
202,Jaymie,Gaydon,jgaydon2t@weibo.com,Male,75.195.17.136
203,Virge,Colin,vcolin2u@yelp.com,Male,196.111.3.122
204,Ariella,Andrzejczak,aandrzejczak2v@wisc.edu,Female,69.120.106.130
205,Clari,Oxenford,coxenford2w@clickbank.net,Female,53.158.46.81
206,Joellyn,Calliss,jcalliss2x@biblegateway.com,Female,253.136.74.232
207,Jasen,Brimley,jbrimley2y@youku.com,Male,24.148.106.31
208,Millisent,McCarry,mmccarry2z@oaic.gov.au,Female,57.173.236.250
209,Cosmo,Cochern,ccochern30@census.gov,Male,53.149.137.190
210,Othello,Channon,ochannon31@hao123.com,Male,39.113.45.236
211,Ruttger,Sheaf,rsheaf32@netvibes.com,Male,182.253.90.232
212,Orton,Brauninger,obrauninger33@wordpress.com,Male,163.34.153.217
213,Issy,Davidou,idavidou34@google.nl,Female,250.238.227.23
214,Marrilee,Roscher,mroscher35@cpanel.net,Female,7.97.129.29
215,Nikita,Roll,nroll36@scientificamerican.com,Male,45.127.108.223